{
  "Use Non-ASCII Font" : false,
  "Tags" : [

  ],
  "Ansi 12 Color" : {
    "Red Component" : 0.21694663166999817,
    "Color Space" : "Calibrated",
    "Blue Component" : 0.4586675763130188,
    "Alpha Component" : 1,
    "Green Component" : 0.45008346438407898
  },
  "Horizontal Spacing" : 1,
  "Normal Font" : "HackNerdFontComplete-Regular 13",
  "Bold Color" : {
    "Red Component" : 0.5926094651222229,
    "Color Space" : "Calibrated",
    "Blue Component" : 0.44320183992385864,
    "Alpha Component" : 1,
    "Green Component" : 0.5310559868812561
  },
  "Link Color" : {
    "Red Component" : 0.023000000044703484,
    "Color Space" : "Calibrated",
    "Blue Component" : 0.67799997329711914,
    "Alpha Component" : 1,
    "Green Component" : 0.27000001072883606
  },
  "Ansi 3 Color" : {
    "Red Component" : 0.96949708461761475,
    "Color Space" : "Calibrated",
    "Blue Component" : 0.1444794088602066,
    "Alpha Component" : 1,
    "Green Component" : 0.6926688551902771
  },
  "Ansi 5 Color" : {
    "Red Component" : 0.78096956014633179,
    "Color Space" : "Calibrated",
    "Blue Component" : 0.53848373889923096,
    "Alpha Component" : 1,
    "Green Component" : 0.43883562088012695
  },
  "Rows" : 25,
  "Default Bookmark" : "No",
  "Cursor Guide Color" : {
    "Red Component" : 0.64999997615814209,
    "Color Space" : "Calibrated",
    "Blue Component" : 1,
    "Alpha Component" : 0.25,
    "Green Component" : 0.9100000262260437
  },
  "Non-ASCII Anti Aliased" : true,
  "Use Bright Bold" : true,
  "Ansi 10 Color" : {
    "Red Component" : 0.52591603994369507,
    "Color Space" : "Calibrated",
    "Blue Component" : 0.082894742488861084,
    "Alpha Component" : 1,
    "Green Component" : 0.53061914443969727
  },
  "Ambiguous Double Width" : false,
  "Jobs to Ignore" : [
    "rlogin",
    "ssh",
    "slogin",
    "telnet"
  ],
  "Ansi 15 Color" : {
    "Red Component" : 0.90061241388320923,
    "Color Space" : "Calibrated",
    "Blue Component" : 0.63873869180679321,
    "Alpha Component" : 1,
    "Green Component" : 0.82989895343780518
  },
  "Foreground Color" : {
    "Red Component" : 0.90061241388320923,
    "Color Space" : "Calibrated",
    "Blue Component" : 0.63873869180679321,
    "Alpha Component" : 1,
    "Green Component" : 0.82989895343780518
  },
  "Working Directory" : "\/Users\/jd5584",
  "Blinking Cursor" : false,
  "Disable Window Resizing" : true,
  "Sync Title" : false,
  "Prompt Before Closing 2" : false,
  "BM Growl" : true,
  "Command" : "",
  "Description" : "Default",
  "Mouse Reporting" : true,
  "Screen" : -1,
  "Selection Color" : {
    "Red Component" : 0.40959125757217407,
    "Color Space" : "Calibrated",
    "Blue Component" : 0.31861674785614014,
    "Alpha Component" : 1,
    "Green Component" : 0.360250324010849
  },
  "Only The Default BG Color Uses Transparency" : false,
  "Columns" : 80,
  "Idle Code" : 0,
  "Ansi 13 Color" : {
    "Red Component" : 0.62685638666152954,
    "Color Space" : "Calibrated",
    "Blue Component" : 0.45103743672370911,
    "Alpha Component" : 1,
    "Green Component" : 0.29604318737983704
  },
  "Custom Command" : "Yes",
  "ASCII Anti Aliased" : true,
  "Non Ascii Font" : "Monaco 12",
  "Vertical Spacing" : 1,
  "Use Bold Font" : true,
  "Option Key Sends" : 0,
  "Selected Text Color" : {
    "Red Component" : 0.5926094651222229,
    "Color Space" : "Calibrated",
    "Blue Component" : 0.44320183992385864,
    "Alpha Component" : 1,
    "Green Component" : 0.5310559868812561
  },
  "Background Color" : {
    "Red Component" : 0.11759927868843079,
    "Color Space" : "Calibrated",
    "Blue Component" : 0.11759774386882782,
    "Alpha Component" : 1,
    "Green Component" : 0.11759573966264725
  },
  "Character Encoding" : 4,
  "Ansi 11 Color" : {
    "Red Component" : 0.80126690864562988,
    "Color Space" : "Calibrated",
    "Blue Component" : 0.10328958928585052,
    "Alpha Component" : 1,
    "Green Component" : 0.53254079818725586
  },
  "Use Italic Font" : true,
  "Unlimited Scrollback" : false,
  "Keyboard Map" : {
    "0xf700-0x260000" : {
      "Action" : 10,
      "Text" : "[1;6A"
    },
    "0x37-0x40000" : {
      "Action" : 11,
      "Text" : "0x1f"
    },
    "0x32-0x40000" : {
      "Action" : 11,
      "Text" : "0x00"
    },
    "0xf709-0x20000" : {
      "Action" : 10,
      "Text" : "[17;2~"
    },
    "0xf70c-0x20000" : {
      "Action" : 10,
      "Text" : "[20;2~"
    },
    "0xf729-0x20000" : {
      "Action" : 10,
      "Text" : "[1;2H"
    },
    "0xf72b-0x40000" : {
      "Action" : 10,
      "Text" : "[1;5F"
    },
    "0xf705-0x20000" : {
      "Action" : 10,
      "Text" : "[1;2Q"
    },
    "0xf703-0x260000" : {
      "Action" : 10,
      "Text" : "[1;6C"
    },
    "0xf700-0x220000" : {
      "Action" : 10,
      "Text" : "[1;2A"
    },
    "0x38-0x40000" : {
      "Action" : 11,
      "Text" : "0x7f"
    },
    "0x33-0x40000" : {
      "Action" : 11,
      "Text" : "0x1b"
    },
    "0xf703-0x220000" : {
      "Action" : 10,
      "Text" : "[1;2C"
    },
    "0xf701-0x240000" : {
      "Action" : 10,
      "Text" : "[1;5B"
    },
    "0xf70d-0x20000" : {
      "Action" : 10,
      "Text" : "[21;2~"
    },
    "0xf702-0x260000" : {
      "Action" : 10,
      "Text" : "[1;6D"
    },
    "0xf729-0x40000" : {
      "Action" : 10,
      "Text" : "[1;5H"
    },
    "0xf706-0x20000" : {
      "Action" : 10,
      "Text" : "[1;2R"
    },
    "0x34-0x40000" : {
      "Action" : 11,
      "Text" : "0x1c"
    },
    "0x2d-0x40000" : {
      "Action" : 11,
      "Text" : "0x1f"
    },
    "0xf70e-0x20000" : {
      "Action" : 10,
      "Text" : "[23;2~"
    },
    "0xf702-0x220000" : {
      "Action" : 10,
      "Text" : "[1;2D"
    },
    "0xf703-0x280000" : {
      "Text" : "f",
      "Action" : 10
    },
    "0xf707-0x20000" : {
      "Action" : 10,
      "Text" : "[1;2S"
    },
    "0xf700-0x240000" : {
      "Action" : 10,
      "Text" : "[1;5A"
    },
    "0xf70a-0x20000" : {
      "Action" : 10,
      "Text" : "[18;2~"
    },
    "0x35-0x40000" : {
      "Action" : 11,
      "Text" : "0x1d"
    },
    "0xf728-0x80000" : {
      "Text" : "d",
      "Action" : 10
    },
    "0xf70f-0x20000" : {
      "Action" : 10,
      "Text" : "[24;2~"
    },
    "0xf703-0x240000" : {
      "Action" : 10,
      "Text" : "[1;5C"
    },
    "0x7f-0x80000" : {
      "Text" : "0x1B 0x08\n0x1B 0x08\n0x1B 0x08\n",
      "Action" : 11
    },
    "0xf701-0x260000" : {
      "Action" : 10,
      "Text" : "[1;6B"
    },
    "0xf702-0x280000" : {
      "Text" : "b",
      "Action" : 10
    },
    "0xf72b-0x20000" : {
      "Action" : 10,
      "Text" : "[1;2F"
    },
    "0x36-0x40000" : {
      "Action" : 11,
      "Text" : "0x1e"
    },
    "0xf708-0x20000" : {
      "Action" : 10,
      "Text" : "[15;2~"
    },
    "0xf70b-0x20000" : {
      "Action" : 10,
      "Text" : "[19;2~"
    },
    "0xf701-0x220000" : {
      "Action" : 10,
      "Text" : "[1;2B"
    },
    "0xf702-0x240000" : {
      "Action" : 10,
      "Text" : "[1;5D"
    },
    "0xf704-0x20000" : {
      "Action" : 10,
      "Text" : "[1;2P"
    }
  },
  "Window Type" : 12,
  "Blur Radius" : 15.709872699873094,
  "Cursor Type" : 2,
  "Background Image Location" : "",
  "Blur" : false,
  "Badge Color" : {
    "Red Component" : 1,
    "Color Space" : "Calibrated",
    "Blue Component" : 0,
    "Alpha Component" : 0.5,
    "Green Component" : 0
  },
  "Scrollback Lines" : 1000,
  "Send Code When Idle" : false,
  "Close Sessions On End" : true,
  "Terminal Type" : "xterm-256color",
  "Visual Bell" : true,
  "Flashing Bell" : false,
  "Silence Bell" : false,
  "Ansi 14 Color" : {
    "Red Component" : 0.34054014086723328,
    "Color Space" : "Calibrated",
    "Blue Component" : 0.34128850698471069,
    "Alpha Component" : 1,
    "Green Component" : 0.55607825517654419
  },
  "Name" : "Default",
  "Cursor Text Color" : {
    "Red Component" : 1,
    "Color Space" : "Calibrated",
    "Blue Component" : 1,